index,label,dtype,heads,profile,baseline_active_ms,candidate_active_ms,speedup,correct,fallback_count
0,decode-000000-148c9d4e301cd7a7,bfloat16,64,decode,0.008864,0.00688,1.2883720930232558,True,0
1,decode-000001-80236ab715c7e356,bfloat16,64,decode,0.017792,0.012384,1.4366925064599483,True,0
2,decode-000002-ad8a883574586971,bfloat16,64,decode,0.015168,0.013216,1.1476997578692494,True,0
3,decode-000003-06d273cdf3ae1bbe,bfloat16,64,decode,0.008704,0.006912,1.2592592592592593,True,0
4,decode-000004-99f1ce8ce85e73a9,bfloat16,64,decode,0.018048,0.01248,1.4461538461538463,True,0
5,decode-000005-df4e9a2fb8c4c5cf,bfloat16,64,decode,0.015136,0.013248,1.142512077294686,True,0
6,decode-000006-07fab4b63866636e,float8_e4m3fn,64,decode,0.009792,0.007616,1.2857142857142856,True,0
7,decode-000007-c44027c1fafcc361,float8_e4m3fn,64,decode,0.016384,0.015936,1.028112449799197,True,0
8,decode-000008-56eff15dae969783,float8_e4m3fn,64,decode,0.015552,0.011744,1.32425068119891,True,0
9,decode-000009-2f96b22ca4fce547,float8_e4m3fn,64,decode,0.009857,0.007616,1.2942489495798317,True,0
10,decode-000010-0332bda9d396e635,float8_e4m3fn,64,decode,0.016416,0.015776,1.0405679513184585,True,0
11,decode-000011-00078969ca5be246,float8_e4m3fn,64,decode,0.015392,0.01184,1.3,True,0
12,decode-000012-7b5adfe7f4632875,bfloat16,64,decode,0.008544,0.006912,1.2361111111111112,True,0
13,decode-000013-e535c64cabed84f9,bfloat16,64,decode,0.018208,0.01248,1.458974358974359,True,0
14,decode-000014-17ba74e3669cfceb,bfloat16,64,decode,0.01536,0.012352,1.2435233160621761,True,0
15,decode-000015-5633a1c28c6fd066,bfloat16,64,decode,0.008704,0.006848,1.2710280373831775,True,0
16,decode-000016-9e8ea3abe1a56103,bfloat16,64,decode,0.018112,0.012512,1.4475703324808182,True,0
17,decode-000017-a90681f1e2200f80,bfloat16,64,decode,0.015424,0.012416,1.2422680412371134,True,0
18,decode-000018-c726f5edd78352c9,float8_e4m3fn,64,decode,0.009664,0.007584,1.2742616033755276,True,0
19,decode-000019-39f9f93a54d2653c,float8_e4m3fn,64,decode,0.01648,0.015968,1.032064128256513,True,0
20,decode-000020-fe4345590a87e1dd,float8_e4m3fn,64,decode,0.015456,0.013568,1.1391509433962264,True,0
21,decode-000021-0e401531e8146559,float8_e4m3fn,64,decode,0.009888,0.007584,1.3037974683544304,True,0
22,decode-000022-72487f1060e4ab80,float8_e4m3fn,64,decode,0.016512,0.015936,1.036144578313253,True,0
23,decode-000023-236c644b4ca7145a,float8_e4m3fn,64,decode,0.015488,0.013664,1.1334894613583137,True,0
24,decode-000024-bb5838aebfbb5fc9,bfloat16,128,decode,0.011425,0.007328,1.559088427947598,True,0
25,decode-000025-e492c1ef77b1117e,bfloat16,128,decode,0.020864,0.017952,1.162210338680927,True,0
26,decode-000026-f48bdeff331c878d,bfloat16,128,decode,0.018592,0.015136,1.2283298097251587,True,0
27,decode-000027-e1d726b10a77758e,bfloat16,128,decode,0.011456,0.007264,1.577092511013216,True,0
28,decode-000028-268e7efdede687a8,bfloat16,128,decode,0.020736,0.01792,1.1571428571428573,True,0
29,decode-000029-8ff35f8c5ab91f5d,bfloat16,128,decode,0.018592,0.015136,1.2283298097251587,True,0
30,decode-000030-0acd6d3a398c75f7,float8_e4m3fn,128,decode,0.012352,0.009376,1.3174061433447097,True,0
31,decode-000031-55100f2daba2571b,float8_e4m3fn,128,decode,0.019872,0.01648,1.2058252427184466,True,0
32,decode-000032-b11bf934d4d16229,float8_e4m3fn,128,decode,0.018336,0.014336,1.2790178571428572,True,0
33,decode-000033-fb42d1e5e6f6db47,float8_e4m3fn,128,decode,0.01248,0.009408,1.3265306122448979,True,0
34,decode-000034-f3c24fe05f67f5f8,float8_e4m3fn,128,decode,0.019937,0.01648,1.209769417475728,True,0
35,decode-000035-26a8b7244f97cfd9,float8_e4m3fn,128,decode,0.018432,0.014241,1.2942911312407837,True,0
36,decode-000036-651fb3e46de1a269,bfloat16,128,decode,0.011456,0.00736,1.5565217391304347,True,0
37,decode-000037-09b88c91d33c96d4,bfloat16,128,decode,0.0208,0.018336,1.1343804537521813,True,0
38,decode-000038-d905a0bc67972059,bfloat16,128,decode,0.018657,0.017728,1.05240297833935,True,0
39,decode-000039-2281d0649659c066,bfloat16,128,decode,0.011424,0.007136,1.600896860986547,True,0
40,decode-000040-898d0501a6c9f618,bfloat16,128,decode,0.020896,0.018336,1.1396160558464223,True,0
41,decode-000041-89a22623e158eaa3,bfloat16,128,decode,0.018816,0.017697,1.0632310561112053,True,0
42,decode-000042-a68df8b72c747b72,float8_e4m3fn,128,decode,0.012544,0.00944,1.3288135593220338,True,0
43,decode-000043-0b11a03caf5efe3f,float8_e4m3fn,128,decode,0.020224,0.01664,1.2153846153846155,True,0
44,decode-000044-dd9ee16fda639351,float8_e4m3fn,128,decode,0.018272,0.014336,1.2745535714285714,True,0
45,decode-000045-cf3096f62118c96a,float8_e4m3fn,128,decode,0.012481,0.009472,1.317673141891892,True,0
46,decode-000046-9afd2992a98c229a,float8_e4m3fn,128,decode,0.020032,0.01664,1.203846153846154,True,0
47,decode-000047-bea26b75ac1cabe0,float8_e4m3fn,128,decode,0.018528,0.014336,1.2924107142857142,True,0
48,decode-000048-7b1f9edcb3ea42a8,bfloat16,8,decode,0.007808,0.006528,1.196078431372549,True,0
49,decode-000049-074a12563700fb55,bfloat16,8,decode,0.008896,0.007936,1.1209677419354838,True,0
50,decode-000050-b6b6b1c86177ae38,bfloat16,8,decode,0.01216,0.009696,1.2541254125412542,True,0
51,decode-000051-8ecbe5e5ac9f8146,bfloat16,8,decode,0.007776,0.006496,1.1970443349753694,True,0
52,decode-000052-bf89bf54ce29e4ad,bfloat16,8,decode,0.008832,0.007968,1.108433734939759,True,0
53,decode-000053-e3516b60f580488b,bfloat16,8,decode,0.01216,0.009697,1.253996081262246,True,0
54,decode-000054-7d89bb97045d1df7,float8_e4m3fn,8,decode,0.009216,0.007072,1.3031674208144797,True,0
55,decode-000055-b0c9f21ad99901f2,float8_e4m3fn,8,decode,0.00992,0.008992,1.103202846975089,True,0
56,decode-000056-80b2e8a080fba2b3,float8_e4m3fn,8,decode,0.013056,0.011776,1.108695652173913,True,0
57,decode-000057-5319f78909047685,float8_e4m3fn,8,decode,0.009056,0.00704,1.2863636363636364,True,0
58,decode-000058-63640e65e36b38f6,float8_e4m3fn,8,decode,0.009792,0.009088,1.0774647887323943,True,0
59,decode-000059-9a421ddb1187456f,float8_e4m3fn,8,decode,0.013152,0.01184,1.1108108108108108,True,0
60,decode-000060-6a19cb561d642d4b,bfloat16,16,decode,0.00768,0.006528,1.1764705882352942,True,0
61,decode-000061-784c51cbcdaf196c,bfloat16,16,decode,0.009056,0.007904,1.145748987854251,True,0
62,decode-000062-f3b79be221e3040f,bfloat16,16,decode,0.014784,0.00976,1.5147540983606558,True,0
63,decode-000063-4183c7a3c8cc2359,bfloat16,16,decode,0.007648,0.006496,1.1773399014778325,True,0
64,decode-000064-02c0fe6655345624,bfloat16,16,decode,0.009088,0.007904,1.1497975708502026,True,0
65,decode-000065-f1037867493d64fe,bfloat16,16,decode,0.014688,0.011137,1.3188470862889468,True,0
66,decode-000066-c03b80b5b31ea32a,float8_e4m3fn,16,decode,0.008864,0.006944,1.2764976958525347,True,0
67,decode-000067-656c9277b52347ea,float8_e4m3fn,16,decode,0.010272,0.009664,1.0629139072847682,True,0
68,decode-000068-2b6e3361f3afcfee,float8_e4m3fn,16,decode,0.014593,0.01216,1.2000822368421051,True,0
69,decode-000069-242f0d2e3da79d36,float8_e4m3fn,16,decode,0.009024,0.006976,1.2935779816513762,True,0
70,decode-000070-98a5bc7a2dcb742b,float8_e4m3fn,16,decode,0.010336,0.009536,1.0838926174496644,True,0
71,decode-000071-fe398d4be04f12f1,float8_e4m3fn,16,decode,0.014496,0.012128,1.195250659630607,True,0
72,decode-000072-6391d29c13d15e86,bfloat16,32,decode,0.007904,0.006624,1.1932367149758454,True,0
73,decode-000073-b61aad4d97f75f39,bfloat16,32,decode,0.01456,0.01392,1.0459770114942528,True,0
74,decode-000074-43fbfcab1ba98b36,bfloat16,32,decode,0.014336,0.014144,1.0135746606334841,True,0
75,decode-000075-b3e7535c527e2957,bfloat16,32,decode,0.007936,0.006592,1.2038834951456312,True,0
76,decode-000076-f01bee441d7e12cc,bfloat16,32,decode,0.014528,0.01392,1.0436781609195402,True,0
77,decode-000077-1f2c57be6b83dd08,bfloat16,32,decode,0.014272,0.01408,1.0136363636363637,True,0
78,decode-000078-f3c307f9d450ae6b,float8_e4m3fn,32,decode,0.009024,0.007072,1.2760180995475114,True,0
79,decode-000079-0de6e312447206d4,float8_e4m3fn,32,decode,0.01472,0.012384,1.1886304909560725,True,0
80,decode-000080-c28a2ad3663696b5,float8_e4m3fn,32,decode,0.014848,0.01248,1.1897435897435897,True,0
81,decode-000081-a7d222c6d19cf4a8,float8_e4m3fn,32,decode,0.009248,0.00704,1.3136363636363635,True,0
82,decode-000082-c81c0fded142059e,float8_e4m3fn,32,decode,0.014816,0.012384,1.1963824289405685,True,0
83,decode-000083-6eac79e9c897be99,float8_e4m3fn,32,decode,0.014688,0.012384,1.186046511627907,True,0
84,seq-lens-guard-000084-9aed3368860107fa,bfloat16,64,seq_lens_guard,0.010752,0.009856,1.0909090909090908,True,0
85,fixed-q-guard-000085-8f2824bdb5340d51,bfloat16,64,fixed_q_guard,0.015552,0.01424,1.0921348314606742,True,0
86,prefill-style-000086-f8918e805b165dba,bfloat16,64,prefill_style,0.057791,0.049664,1.1636396585051547,True,0
87,prefill-style-000087-cc01e711dfa5daa3,float8_e4m3fn,64,prefill_style,0.039488,0.03472,1.1373271889400922,True,0
88,prefill-style-000088-eeab0e27a64b6dce,bfloat16,128,prefill_style,0.112735,0.108928,1.0349496915393654,True,0
89,prefill-style-000089-3d1f05577f3699b0,float8_e4m3fn,128,prefill_style,0.06989,0.069057,1.0120624990949505,True,0
90,prefill-style-000090-4a6c69d85ae32cf7,bfloat16,64,prefill_style,0.060353,0.05248,1.1500190548780487,True,0
91,prefill-style-000091-eadf48cb33f0a245,float8_e4m3fn,64,prefill_style,0.040545,0.034848,1.1634814049586777,True,0
92,prefill-style-000092-25b896ef0437427b,bfloat16,128,prefill_style,0.113664,0.110719,1.0265988674030655,True,0
93,prefill-style-000093-ca8bb08aa0266fd4,float8_e4m3fn,128,prefill_style,0.070432,0.069535,1.0128999784281296,True,0
